study,state
Billings,http://127.0.0.1:6151/?_state_id_=3ed6de72a40dcb61
"",http://127.0.0.1:6151/?_state_id_=3b62e2469233cb4a
"",http://127.0.0.1:5571/?_state_id_=c4aca18385771ce4
"",http://127.0.0.1:5571/?_state_id_=29c7116f9a5ec304
"",http://127.0.0.1:5571/?_state_id_=b6f2df1781666e1f
"",http://127.0.0.1:5571/?_state_id_=23e69bcba63c1bc9
Test Study,http://127.0.0.1:6131/?_state_id_=e17deab15d0bb963
Test Study,http://127.0.0.1:6131/?_state_id_=c66805e285cfd04d
Test Study,http://127.0.0.1:6131/?_state_id_=79a3131d430054ca
Test Study,http://127.0.0.1:6131/?_state_id_=c742bef79bcca7fd
